{"count":1,"gauges":{"MageBrain.CumulativeReward":{"count":14,"max":-0.525,"min":-0.725,"value":-0.59,"weightedAverage":-0.594398856}},"self":180.0715648,"total":185.592906,"children":{"AgentSendState":{"count":18445,"self":0.6002535,"total":0.71549259999999992,"children":{"CollectObservations":{"count":1845,"self":0.1152391,"total":0.1152391,"children":null}}},"DecideAction":{"count":18445,"self":4.1309708,"total":4.1309707,"children":null},"AgentAct":{"count":18445,"self":0.6738725,"total":0.6738725,"children":null}}}