{"count":1,"gauges":{"MageBrain.CumulativeReward":{"count":21,"max":11.0700006,"min":-0.759999931,"value":11.0700006,"weightedAverage":2.323549}},"self":117.20296959999999,"total":120.5218087,"children":{"AgentSendState":{"count":12002,"self":0.41667299999999996,"total":0.4978046,"children":{"CollectObservations":{"count":1201,"self":0.0811316,"total":0.0811316,"children":null}}},"DecideAction":{"count":12002,"self":2.418312,"total":2.4183119,"children":null},"AgentAct":{"count":12002,"self":0.40172539999999995,"total":0.40172539999999995,"children":null}}}