{"count":1,"gauges":{},"self":2.3751392,"total":2.4820981,"children":{"AgentSendState":{"count":199,"self":0.0109842,"total":0.0129859,"children":{"CollectObservations":{"count":20,"self":0.0020017,"total":0.0020017,"children":null}}},"DecideAction":{"count":199,"self":0.0809859,"total":0.0809859,"children":null},"AgentAct":{"count":199,"self":0.011987999999999999,"total":0.011987999999999999,"children":null}}}